{"cameraMode":{"drawMode":0,"name":"Shaded","section":"Shading Mode"},"sceneLighting":false,"audioPlay":false,"sceneViewState":{"m_AlwaysRefresh":false,"showFog":true,"showSkybox":false,"showFlares":true,"showImageEffects":true,"showParticleSystems":true,"showVisualEffectGraphs":true,"m_FxEnabled":true},"in2DMode":false,"pivot":{"x":0.004849225282669067,"y":1.200000286102295,"z":0.0004189908504486084},"rotation":{"x":-0.08963438123464585,"y":0.7051168084144592,"z":-0.09060629457235336,"w":-0.6975494623184204},"size":1.2527319192886353,"orthographic":false}