{"cameraMode":{"drawMode":0,"name":"Shaded","section":"Shading Mode"},"sceneLighting":false,"audioPlay":false,"sceneViewState":{"m_AlwaysRefresh":false,"showFog":true,"showSkybox":false,"showFlares":true,"showImageEffects":true,"showParticleSystems":true,"showVisualEffectGraphs":true,"m_FxEnabled":true},"in2DMode":false,"pivot":{"x":0.86766517162323,"y":1.8720417022705079,"z":0.577694296836853},"rotation":{"x":0.04724188521504402,"y":0.07633960247039795,"z":-0.003621035488322377,"w":0.9959555864334106},"size":2.7353289127349855,"orthographic":false}