{"cameraMode":{"drawMode":0,"name":"Shaded","section":"Shading Mode"},"sceneLighting":false,"audioPlay":false,"sceneViewState":{"m_AlwaysRefresh":false,"showFog":true,"showSkybox":false,"showFlares":true,"showImageEffects":true,"showParticleSystems":true,"showVisualEffectGraphs":true,"m_FxEnabled":true},"in2DMode":false,"pivot":{"x":-0.6055197715759277,"y":0.6307632327079773,"z":0.39138758182525637},"rotation":{"x":-0.07553555816411972,"y":0.8388961553573608,"z":-0.12061376869678498,"w":-0.5253652334213257},"size":1.6600202322006226,"orthographic":false}