{"cameraMode":{"drawMode":0,"name":"Shaded","section":"Shading Mode"},"sceneLighting":false,"audioPlay":false,"sceneViewState":{"m_AlwaysRefresh":false,"showFog":true,"showSkybox":false,"showFlares":true,"showImageEffects":true,"showParticleSystems":true,"showVisualEffectGraphs":true,"m_FxEnabled":true},"in2DMode":false,"pivot":{"x":-11.900516510009766,"y":-0.5498943328857422,"z":-3.6791718006134035},"rotation":{"x":0.011272241361439228,"y":0.9653608798980713,"z":-0.2572181820869446,"w":0.042306289076805118},"size":3.305596351623535,"orthographic":false}