{"cameraMode":{"drawMode":0,"name":"Shaded","section":"Shading Mode"},"sceneLighting":false,"audioPlay":false,"sceneViewState":{"m_AlwaysRefresh":false,"showFog":true,"showSkybox":false,"showFlares":true,"showImageEffects":true,"showParticleSystems":true,"showVisualEffectGraphs":true,"m_FxEnabled":true},"in2DMode":false,"pivot":{"x":0.003253936767578125,"y":1.5075607299804688,"z":0.002959117293357849},"rotation":{"x":-0.20977231860160829,"y":-0.22897504270076753,"z":0.050602346658706668,"w":-0.9492143988609314},"size":1.5270997285842896,"orthographic":false}