{"cameraMode":{"drawMode":0,"name":"Shaded","section":"Shading Mode"},"sceneLighting":false,"audioPlay":false,"sceneViewState":{"m_AlwaysRefresh":false,"showFog":true,"showSkybox":false,"showFlares":true,"showImageEffects":true,"showParticleSystems":true,"showVisualEffectGraphs":true,"m_FxEnabled":true},"in2DMode":false,"pivot":{"x":-0.10682952404022217,"y":1.3210554122924805,"z":-0.29656657576560976},"rotation":{"x":0.032093584537506106,"y":-0.877538800239563,"z":0.059324003756046298,"w":0.4747381806373596},"size":1.7887824773788453,"orthographic":false}