{"cameraMode":{"drawMode":0,"name":"Shaded","section":"Shading Mode"},"sceneLighting":false,"audioPlay":false,"sceneViewState":{"m_AlwaysRefresh":false,"showFog":true,"showSkybox":false,"showFlares":true,"showImageEffects":true,"showParticleSystems":true,"showVisualEffectGraphs":true,"m_FxEnabled":true},"in2DMode":false,"pivot":{"x":0.2359483242034912,"y":1.0429085493087769,"z":-1.3078664541244507},"rotation":{"x":0.01597544364631176,"y":-0.9837164878845215,"z":0.11352745443582535,"w":0.13842284679412843},"size":2.8310763835906984,"orthographic":false}