{"cameraMode":{"drawMode":0,"name":"Shaded","section":"Shading Mode"},"sceneLighting":false,"audioPlay":false,"sceneViewState":{"m_AlwaysRefresh":false,"showFog":true,"showSkybox":false,"showFlares":true,"showImageEffects":true,"showParticleSystems":true,"showVisualEffectGraphs":true,"m_FxEnabled":true},"in2DMode":false,"pivot":{"x":0.058462321758270267,"y":2.1815829277038576,"z":0.3386533856391907},"rotation":{"x":-0.20977231860160829,"y":-0.22897504270076753,"z":0.050602346658706668,"w":-0.9492143988609314},"size":1.5242055654525757,"orthographic":false}