{"cameraMode":{"drawMode":0,"name":"Shaded","section":"Shading Mode"},"sceneLighting":false,"audioPlay":false,"sceneViewState":{"m_AlwaysRefresh":false,"showFog":true,"showSkybox":false,"showFlares":true,"showImageEffects":true,"showParticleSystems":true,"showVisualEffectGraphs":true,"m_FxEnabled":true},"in2DMode":false,"pivot":{"x":0.4663921594619751,"y":3.81410551071167,"z":0.8789224624633789},"rotation":{"x":0.17434345185756684,"y":-0.053422246128320697,"z":0.00949892308562994,"w":0.9832072257995606},"size":4.405214309692383,"orthographic":false}