{"cameraMode":{"drawMode":0,"name":"Shaded","section":"Shading Mode"},"sceneLighting":false,"audioPlay":false,"sceneViewState":{"m_AlwaysRefresh":false,"showFog":true,"showSkybox":false,"showFlares":true,"showImageEffects":true,"showParticleSystems":true,"showVisualEffectGraphs":true,"m_FxEnabled":true},"in2DMode":false,"pivot":{"x":0.009469985961914063,"y":1.3589155673980713,"z":-0.11654424667358399},"rotation":{"x":-0.20977231860160829,"y":-0.22897504270076753,"z":0.050602346658706668,"w":-0.9492143988609314},"size":8.071337699890137,"orthographic":false}