{"cameraMode":{"drawMode":0,"name":"Shaded","section":"Shading Mode"},"sceneLighting":false,"audioPlay":false,"sceneViewState":{"m_AlwaysRefresh":false,"showFog":true,"showSkybox":false,"showFlares":true,"showImageEffects":true,"showParticleSystems":true,"showVisualEffectGraphs":true,"m_FxEnabled":true},"in2DMode":false,"pivot":{"x":-0.026868119835853578,"y":0.4379865229129791,"z":0.2166537493467331},"rotation":{"x":0.229490727186203,"y":-0.21087238192558289,"z":0.05100340396165848,"w":0.9488300085067749},"size":1.6330127716064454,"orthographic":false}