{"cameraMode":{"drawMode":0,"name":"Shaded","section":"Shading Mode"},"sceneLighting":false,"audioPlay":false,"sceneViewState":{"m_AlwaysRefresh":false,"showFog":true,"showSkybox":false,"showFlares":true,"showImageEffects":true,"showParticleSystems":true,"showVisualEffectGraphs":true,"m_FxEnabled":true},"in2DMode":false,"pivot":{"x":-0.0877145528793335,"y":0.2455354928970337,"z":-0.4999164342880249},"rotation":{"x":-0.16317437589168549,"y":-0.7357099652290344,"z":0.19084632396697999,"w":-0.6290371417999268},"size":0.9109369516372681,"orthographic":false}