{"cameraMode":{"drawMode":0,"name":"Shaded","section":"Shading Mode"},"sceneLighting":false,"audioPlay":false,"sceneViewState":{"m_AlwaysRefresh":false,"showFog":true,"showSkybox":false,"showFlares":true,"showImageEffects":true,"showParticleSystems":true,"showVisualEffectGraphs":true,"m_FxEnabled":true},"in2DMode":false,"pivot":{"x":-0.21477222442626954,"y":0.8469810485839844,"z":-1.0761749744415284},"rotation":{"x":-0.06230189651250839,"y":0.8227477669715881,"z":-0.09195012599229813,"w":-0.5574571490287781},"size":1.268140435218811,"orthographic":false}