{"cameraMode":{"drawMode":0,"name":"Shaded","section":"Shading Mode"},"sceneLighting":false,"audioPlay":false,"sceneViewState":{"m_AlwaysRefresh":false,"showFog":true,"showSkybox":false,"showFlares":true,"showImageEffects":true,"showParticleSystems":true,"showVisualEffectGraphs":true,"m_FxEnabled":true},"in2DMode":false,"pivot":{"x":0.19018125534057618,"y":1.5356172323226929,"z":-0.14838719367980958},"rotation":{"x":0.19653500616550446,"y":0.7661215662956238,"z":-0.2755894958972931,"w":0.5463471412658691},"size":3.179490566253662,"orthographic":false}