{"cameraMode":{"drawMode":0,"name":"Shaded","section":"Shading Mode"},"sceneLighting":false,"audioPlay":false,"sceneViewState":{"m_AlwaysRefresh":false,"showFog":true,"showSkybox":false,"showFlares":true,"showImageEffects":true,"showParticleSystems":true,"showVisualEffectGraphs":true,"m_FxEnabled":true},"in2DMode":false,"pivot":{"x":-0.021091222763061525,"y":0.256473571062088,"z":0.7968818545341492},"rotation":{"x":-0.16317437589168549,"y":-0.7357099652290344,"z":0.19084632396697999,"w":-0.6290371417999268},"size":0.9550192952156067,"orthographic":false}