{"cameraMode":{"drawMode":0,"name":"Shaded","section":"Shading Mode"},"sceneLighting":false,"audioPlay":false,"sceneViewState":{"m_AlwaysRefresh":false,"showFog":true,"showSkybox":false,"showFlares":true,"showImageEffects":true,"showParticleSystems":true,"showVisualEffectGraphs":true,"m_FxEnabled":true},"in2DMode":false,"pivot":{"x":0.6303381323814392,"y":0.44170498847961428,"z":0.2906907796859741},"rotation":{"x":-0.05198725312948227,"y":0.17297790944576264,"z":-0.009143365547060967,"w":-0.9835109710693359},"size":1.4940149784088135,"orthographic":false}